Trade number,Type,Date and time,Signal,Price,Size (qty),Size (value),Net PnL NONE,Net PnL %,Favorable excursion NONE,Favorable excursion %,Adverse excursion NONE,Adverse excursion %,Cumulative PnL NONE,Cumulative PnL %
1,Exit long,4/22/2009 13:15,Bear flip exit,4784.1,22,96928.7,8260.85,8.52,17484.02,18.03,-3245.48,-3.35,8260.85,8.26
1,Entry long,4/2/2009 10:15,Long,4405.85,22,96928.7,8260.85,8.52,17484.02,18.03,-3245.48,-3.35,8260.85,8.26
2,Exit long,6/2/2009 13:15,Bear flip exit,7135.6,21,106274.7,43496.06,40.92,52619.32,49.5,-3209.18,-3.02,51756.91,51.76
2,Entry long,4/24/2009 10:15,Long,5060.7,21,106274.7,43496.06,40.92,52619.32,49.5,-3209.18,-3.02,51756.91,51.76
3,Exit long,8/7/2009 9:15,Bear flip exit,7394.7,20,150779,-2974.6,-1.97,3582.77,2.38,-2930.23,-1.94,48782.31,48.78
3,Entry long,7/31/2009 10:15,Long,7538.95,20,150779,-2974.6,-1.97,3582.77,2.38,-2930.23,-1.94,48782.31,48.78
4,Exit long,10/6/2009 9:15,Bear flip exit,8709.65,19,143142.2,22248.56,15.54,26138.11,18.25,-359.29,-0.25,71030.87,71.03
4,Entry long,9/7/2009 10:15,Long,7533.8,19,143142.2,22248.56,15.54,26138.11,18.25,-359.29,-0.25,71030.87,71.03
5,Exit long,10/21/2009 15:15,Bear flip exit,9269.2,19,169250.1,6761.09,3.99,13675.78,8.08,-4796.02,-2.83,77791.96,77.79
5,Entry long,10/7/2009 10:15,Long,8907.9,19,169250.1,6761.09,3.99,13675.78,8.08,-4796.02,-2.83,77791.96,77.79
6,Exit long,11/12/2009 15:15,Bear flip exit,9055.7,20,175493,5514.02,3.14,11562.35,6.59,-1829.65,-1.04,83305.98,83.31
6,Entry long,11/6/2009 11:15,Long,8774.65,20,175493,5514.02,3.14,11562.35,6.59,-1829.65,-1.04,83305.98,83.31
7,Exit long,12/7/2009 14:15,Bear flip exit,9167.8,20,181130,2116.65,1.17,7533.66,4.16,-1404.34,-0.78,85422.63,85.42
7,Entry long,11/30/2009 10:15,Long,9056.5,20,181130,2116.65,1.17,7533.66,4.16,-1404.34,-0.78,85422.63,85.42
8,Exit long,1/21/2010 13:15,Bear flip exit,8972.35,20,181693,-2354.34,-1.3,2302.49,1.27,-2625.51,-1.44,83068.29,83.07
8,Entry long,1/18/2010 12:15,Long,9084.65,20,181693,-2354.34,-1.3,2302.49,1.27,-2625.51,-1.44,83068.29,83.07
9,Exit long,3/15/2010 11:15,Bear flip exit,9066.35,21,182559.3,7722.16,4.23,11198.08,6.13,-126.17,-0.07,90790.45,90.79
9,Entry long,2/26/2010 12:15,Long,8693.3,21,182559.3,7722.16,4.23,11198.08,6.13,-126.17,-0.07,90790.45,90.79
10,Exit long,4/8/2010 10:15,Bear flip exit,9616.2,20,183709,8502.19,4.63,12099.89,6.58,-893.11,-0.49,99292.65,99.29
10,Entry long,3/17/2010 10:15,Long,9185.45,20,183709,8502.19,4.63,12099.89,6.58,-893.11,-0.49,99292.65,99.29
11,Exit long,4/13/2010 12:15,Bear flip exit,9473.35,20,193561,-4208.91,-2.17,52.93,0.03,-4202.07,-2.17,95083.73,95.08
11,Entry long,4/9/2010 14:15,Long,9678.05,20,193561,-4208.91,-2.17,52.93,0.03,-4202.07,-2.17,95083.73,95.08
12,Exit long,4/28/2010 11:15,Bear flip exit,9694.4,20,190005,3767.83,1.98,8065,4.24,-2005,-1.05,98851.57,98.85
12,Entry long,4/20/2010 12:15,Long,9500.25,20,190005,3767.83,1.98,8065,4.24,-2005,-1.05,98851.57,98.85
13,Exit long,6/7/2010 10:15,Bear flip exit,9230.6,21,196429.8,-2704.28,-1.38,2821.22,1.44,-2959.03,-1.51,96147.29,96.15
13,Entry long,6/3/2010 10:15,Long,9353.8,21,196429.8,-2704.28,-1.38,2821.22,1.44,-2959.03,-1.51,96147.29,96.15
14,Exit long,6/25/2010 10:15,Bear flip exit,9557.15,20,188760,2269.03,1.2,7046.37,3.73,-1082.63,-0.57,98416.31,98.42
14,Entry long,6/11/2010 10:15,Long,9438,20,188760,2269.03,1.2,7046.37,3.73,-1082.63,-0.57,98416.31,98.42
15,Exit long,8/12/2010 9:15,Bear flip exit,10379.05,20,190740,16721.5,8.76,20779.78,10.89,-2187.22,-1.15,115137.82,115.14
15,Entry long,7/6/2010 14:15,Long,9537,20,190740,16721.5,8.76,20779.78,10.89,-2187.22,-1.15,115137.82,115.14
16,Exit long,8/27/2010 14:15,Bear flip exit,10851.3,20,211678,5219.39,2.46,10797.5,5.1,-496.5,-0.23,120357.21,120.36
16,Entry long,8/12/2010 15:15,Long,10583.9,20,211678,5219.39,2.46,10797.5,5.1,-496.5,-0.23,120357.21,120.36
17,Exit long,10/8/2010 14:15,Bear flip exit,12438.05,20,219511,29109.52,13.26,35193.15,16.03,-798.85,-0.36,149466.73,149.47
17,Entry long,9/2/2010 10:15,Long,10975.55,20,219511,29109.52,13.26,35193.15,16.03,-798.85,-0.36,149466.73,149.47
18,Exit long,10/15/2010 10:15,Bear flip exit,12466.85,19,239502.6,-2775.36,-1.16,3786.1,1.58,-2902.85,-1.21,146691.36,146.69
18,Entry long,10/13/2010 12:15,Long,12605.4,19,239502.6,-2775.36,-1.16,3786.1,1.58,-2902.85,-1.21,146691.36,146.69
19,Exit long,10/27/2010 13:15,Bear flip exit,12211.25,19,237652,-5779.15,-2.43,1306.2,0.55,-7065.2,-2.97,140912.22,140.91
19,Entry long,10/19/2010 14:15,Long,12508,19,237652,-5779.15,-2.43,1306.2,0.55,-7065.2,-2.97,140912.22,140.91
20,Exit long,11/11/2010 14:15,Bear flip exit,12956.15,19,240618.85,5401.96,2.24,12036.52,5,-535.79,-0.22,146314.19,146.31
20,Entry long,11/1/2010 10:15,Long,12664.15,19,240618.85,5401.96,2.24,12036.52,5,-535.79,-0.22,146314.19,146.31
21,Exit long,12/6/2010 15:15,Bear flip exit,12040.05,20,243257,-2601.22,-1.07,7387.02,3.04,-2679.98,-1.1,143712.97,143.71
21,Entry long,12/1/2010 11:15,Long,12162.85,20,243257,-2601.22,-1.07,7387.02,3.04,-2679.98,-1.1,143712.97,143.71
22,Exit long,3/15/2011 10:15,Bear flip exit,10647.35,22,235313.1,-1212.27,-0.52,9566.51,4.06,-2375.09,-1.01,142500.7,142.5
22,Entry long,3/1/2011 11:15,Long,10696.05,22,235313.1,-1212.27,-0.52,9566.51,4.06,-2375.09,-1.01,142500.7,142.5
23,Exit long,3/18/2011 15:15,Bear flip exit,10708.1,22,241855.9,-6420.93,-2.65,474.14,0.2,-6361.26,-2.63,136079.77,136.08
23,Entry long,3/16/2011 14:15,Long,10993.45,22,241855.9,-6420.93,-2.65,474.14,0.2,-6361.26,-2.63,136079.77,136.08
24,Exit long,4/1/2011 10:15,Bear flip exit,11567.1,21,230168.4,12598.78,5.47,19628.95,8.53,-364.1,-0.16,148678.55,148.68
24,Entry long,3/23/2011 15:15,Long,10960.4,21,230168.4,12598.78,5.47,19628.95,8.53,-364.1,-0.16,148678.55,148.68
25,Exit long,4/18/2011 13:15,Bear flip exit,11594,21,247898.7,-4572.11,-1.84,2991.63,1.21,-4766.82,-1.92,144106.44,144.11
25,Entry long,4/13/2011 14:15,Long,11804.7,21,247898.7,-4572.11,-1.84,2991.63,1.21,-4766.82,-1.92,144106.44,144.11
26,Exit long,4/26/2011 12:15,Bear flip exit,11730.3,20,238054,-3589.8,-1.51,1435.58,0.6,-3851.42,-1.62,140516.62,140.52
26,Entry long,4/21/2011 11:15,Long,11902.7,20,238054,-3589.8,-1.51,1435.58,0.6,-3851.42,-1.62,140516.62,140.52
27,Exit long,11/3/2011 11:15,Bear flip exit,9681.5,24,237890.4,-5675.47,-2.39,3959.43,1.66,-5744.97,-2.41,134841.16,134.84
27,Entry long,10/28/2011 15:15,Long,9912.1,24,237890.4,-5675.47,-2.39,3959.43,1.66,-5744.97,-2.41,134841.16,134.84
28,Exit long,11/9/2011 15:15,Bear flip exit,9598.45,23,227767.85,-7138.06,-3.13,188.12,0.08,-7838.88,-3.44,127703.1,127.7
28,Entry long,11/4/2011 11:15,Long,9902.95,23,227767.85,-7138.06,-3.13,188.12,0.08,-7838.88,-3.44,127703.1,127.7
29,Exit long,1/30/2012 15:15,Bear flip exit,9522,27,221282.55,35667.94,16.11,47148.52,21.3,-366.08,-0.17,163371.03,163.37
29,Entry long,1/3/2012 11:15,Long,8195.65,27,221282.55,35667.94,16.11,47148.52,21.3,-366.08,-0.17,163371.03,163.37
30,Exit long,2/22/2012 14:15,Bear flip exit,10906,26,254475,28919.59,11.36,37344.16,14.67,-1026.64,-0.4,192290.62,192.29
30,Entry long,1/31/2012 13:15,Long,9787.5,26,254475,28919.59,11.36,37344.16,14.67,-1026.64,-0.4,192290.62,192.29
31,Exit long,3/1/2012 14:15,Bear flip exit,10200.2,27,282856.05,-7618.13,-2.69,5076.19,1.79,-8614.16,-3.04,184672.5,184.67
31,Entry long,2/28/2012 12:15,Long,10476.15,27,282856.05,-7618.13,-2.69,5076.19,1.79,-8614.16,-3.04,184672.5,184.67
32,Exit long,3/15/2012 11:15,Bear flip exit,10633.75,27,283311,3629.12,1.28,11229.36,3.96,-762.69,-0.27,188301.62,188.3
32,Entry long,3/9/2012 14:15,Long,10493,27,283311,3629.12,1.28,11229.36,3.96,-762.69,-0.27,188301.62,188.3
33,Exit long,4/16/2012 9:15,Bear flip exit,10291.45,27,279830.7,-2128.86,-0.76,5960,2.13,-3550.75,-1.27,186172.77,186.17
33,Entry long,4/12/2012 10:15,Long,10364.1,27,279830.7,-2128.86,-0.76,5960,2.13,-3550.75,-1.27,186172.77,186.17
34,Exit long,5/4/2012 10:15,Bear flip exit,9957.8,27,279165.15,-10468.96,-3.75,1074.55,0.38,-10420.7,-3.73,175703.8,175.7
34,Entry long,4/30/2012 11:15,Long,10339.45,27,279165.15,-10468.96,-3.75,1074.55,0.38,-10420.7,-3.73,175703.8,175.7
35,Exit long,6/14/2012 14:15,Bear flip exit,9873.1,29,275385.45,10765.94,3.91,21043.89,7.64,-2857.92,-1.04,186469.75,186.47
35,Entry long,6/5/2012 10:15,Long,9496.05,29,275385.45,10765.94,3.91,21043.89,7.64,-2857.92,-1.04,186469.75,186.47
36,Exit long,6/18/2012 11:15,Bear flip exit,9846.35,28,285034.4,-9504.82,-3.33,211.29,0.07,-11667.71,-4.09,176964.92,176.96
36,Entry long,6/18/2012 10:15,Long,10179.8,28,285034.4,-9504.82,-3.33,211.29,0.07,-11667.71,-4.09,176964.92,176.96
37,Exit long,7/12/2012 13:15,Bear flip exit,10565.7,27,270834.3,14272.77,5.27,20213.3,7.46,-4321.6,-1.6,191237.69,191.24
37,Entry long,6/21/2012 15:15,Long,10030.9,27,270834.3,14272.77,5.27,20213.3,7.46,-4321.6,-1.6,191237.69,191.24
38,Exit long,8/10/2012 10:15,Bear flip exit,10400.05,28,290621.8,405.05,0.14,7232.01,2.49,-7831.99,-2.69,191642.75,191.64
38,Entry long,7/27/2012 11:15,Long,10379.35,28,290621.8,405.05,0.14,7232.01,2.49,-7831.99,-2.69,191642.75,191.64
39,Exit long,8/24/2012 10:15,Bear flip exit,10369.2,27,284532.75,-4733.7,-1.66,524.84,0.18,-5064.16,-1.78,186909.05,186.91
39,Entry long,8/14/2012 12:15,Long,10538.25,27,284532.75,-4733.7,-1.66,524.84,0.18,-5064.16,-1.78,186909.05,186.91
40,Exit long,10/8/2012 10:15,Bear flip exit,11423.75,28,282220.4,37463.97,13.27,46426.13,16.45,-2123.07,-0.75,224373.02,224.37
40,Entry long,9/7/2012 10:15,Long,10079.3,28,282220.4,37463.97,13.27,46426.13,16.45,-2123.07,-0.75,224373.02,224.37
41,Exit long,11/9/2012 13:15,Bear flip exit,11470.85,28,321307,-315.95,-0.1,6731.41,2.09,-2166.99,-0.67,224057.06,224.06
41,Entry long,11/5/2012 11:15,Long,11475.25,28,321307,-315.95,-0.1,6731.41,2.09,-2166.99,-0.67,224057.06,224.06
42,Exit long,12/24/2012 10:15,Bear flip exit,12305.25,28,322814.8,21531.99,6.67,29093.16,9.01,-3935.64,-1.22,245589.06,245.59
42,Entry long,11/22/2012 10:15,Long,11529.1,28,322814.8,21531.99,6.67,29093.16,9.01,-3935.64,-1.22,245589.06,245.59
43,Exit long,1/8/2013 12:15,Bear flip exit,12649.75,27,337112.55,4227.1,1.25,9406.92,2.79,-2571.63,-0.76,249816.17,249.82
43,Entry long,12/26/2012 13:15,Long,12485.65,27,337112.55,4227.1,1.25,9406.92,2.79,-2571.63,-0.76,249816.17,249.82
44,Exit long,1/14/2013 9:15,Bear flip exit,12627.65,27,345755.25,-5014.71,-1.45,673.87,0.19,-6127.43,-1.77,244801.45,244.8
44,Entry long,1/10/2013 15:15,Long,12805.75,27,345755.25,-5014.71,-1.45,673.87,0.19,-6127.43,-1.77,244801.45,244.8
45,Exit long,1/16/2013 15:15,Bear flip exit,12637,26,334196.2,-5833.03,-1.74,219.54,0.07,-5844.96,-1.75,238968.42,238.97
45,Entry long,1/15/2013 15:15,Long,12853.7,26,334196.2,-5833.03,-1.74,219.54,0.07,-5844.96,-1.75,238968.42,238.97
46,Exit long,2/4/2013 15:15,Bear flip exit,12553.35,26,332265.7,-6076.2,-1.83,4611.52,1.39,-6329.28,-1.9,232892.23,232.89
46,Entry long,1/28/2013 14:15,Long,12779.45,26,332265.7,-6076.2,-1.83,4611.52,1.39,-6329.28,-1.9,232892.23,232.89
47,Exit long,3/13/2013 10:15,Bear flip exit,11935.65,28,332082.8,1915.52,0.58,10573.98,3.18,-1233.62,-0.37,234807.75,234.81
47,Entry long,3/6/2013 10:15,Long,11860.1,28,332082.8,1915.52,0.58,10573.98,3.18,-1233.62,-0.37,234807.75,234.81
48,Exit long,5/22/2013 14:15,Bear flip exit,12995.25,26,330200,7476.08,2.26,18472.74,5.59,-4880.46,-1.48,242283.83,242.28
48,Entry long,5/9/2013 13:15,Long,12700,26,330200,7476.08,2.26,18472.74,5.59,-4880.46,-1.48,242283.83,242.28
49,Exit long,7/16/2013 10:15,Bear flip exit,11291.6,29,337748.5,-10491.66,-3.11,4695.28,1.39,-12767.07,-3.78,231792.16,231.79
49,Entry long,7/11/2013 10:15,Long,11646.5,29,337748.5,-10491.66,-3.11,4695.28,1.39,-12767.07,-3.78,231792.16,231.79
50,Exit long,9/3/2013 14:15,Bear flip exit,8798.05,36,329738.4,-13202.54,-4,2572.28,0.78,-14826.52,-4.5,218589.62,218.59
50,Entry long,9/2/2013 10:15,Long,9159.4,36,329738.4,-13202.54,-4,2572.28,0.78,-14826.52,-4.5,218589.62,218.59
51,Exit long,9/20/2013 11:15,Bear flip exit,10442.15,33,311995.2,32398.77,10.38,58153.05,18.63,-2309.55,-0.74,250988.39,250.99
51,Entry long,9/5/2013 10:15,Long,9454.4,33,311995.2,32398.77,10.38,58153.05,18.63,-2309.55,-0.74,250988.39,250.99
52,Exit long,10/17/2013 9:15,Bear flip exit,10405.7,33,341327.25,1855.44,0.54,12422.75,3.64,-13170.4,-3.86,252843.83,252.84
52,Entry long,10/8/2013 10:15,Long,10343.25,33,341327.25,1855.44,0.54,12422.75,3.64,-13170.4,-3.86,252843.83,252.84
53,Exit long,10/29/2013 10:15,Bear flip exit,10679.15,33,351276.75,924.09,0.26,14640.67,4.17,-443.63,-0.13,253767.92,253.77
53,Entry long,10/18/2013 13:15,Long,10644.75,33,351276.75,924.09,0.26,14640.67,4.17,-443.63,-0.13,253767.92,253.77
54,Exit long,11/6/2013 15:15,Bear flip exit,11284.4,31,345972.4,3635.26,1.05,17746.01,5.13,-1067.89,-0.31,257403.19,257.4
54,Entry long,10/29/2013 13:15,Long,11160.4,31,345972.4,3635.26,1.05,17746.01,5.13,-1067.89,-0.31,257403.19,257.4
55,Exit long,12/19/2013 10:15,Bear flip exit,11157.85,31,355955.95,-10273.16,-2.89,338.06,0.09,-10612.69,-2.98,247130.03,247.13
55,Entry long,12/18/2013 11:15,Long,11482.45,31,355955.95,-10273.16,-2.89,338.06,0.09,-10612.69,-2.98,247130.03,247.13
56,Exit long,1/2/2014 14:15,Bear flip exit,11293.45,30,344478,-5879.48,-1.71,2785.66,0.81,-7439.84,-2.16,241250.55,241.25
56,Entry long,12/27/2013 12:15,Long,11482.6,30,344478,-5879.48,-1.71,2785.66,0.81,-7439.84,-2.16,241250.55,241.25
57,Exit long,2/13/2014 15:15,Bear flip exit,10144.95,33,339782.85,-5201.87,-1.53,3155.17,0.93,-6327.38,-1.86,236048.67,236.05
57,Entry long,2/6/2014 10:15,Long,10296.45,33,339782.85,-5201.87,-1.53,3155.17,0.93,-6327.38,-1.86,236048.67,236.05
58,Exit long,3/14/2014 11:15,Bear flip exit,11908.25,31,329709.8,39236.29,11.9,51760.99,15.69,-948.31,-0.29,275284.97,275.28
58,Entry long,2/24/2014 12:15,Long,10635.8,31,329709.8,39236.29,11.9,51760.99,15.69,-948.31,-0.29,275284.97,275.28
59,Exit long,4/1/2014 13:15,Bear flip exit,12528.5,30,366687,8945.24,2.44,19283.49,5.26,-7098.51,-1.94,284230.22,284.23
59,Entry long,3/18/2014 11:15,Long,12222.9,30,366687,8945.24,2.44,19283.49,5.26,-7098.51,-1.94,284230.22,284.23
60,Exit long,4/15/2014 10:15,Bear flip exit,12666.2,29,371532.05,-4433.91,-1.19,6968.89,1.88,-6852.51,-1.84,279796.3,279.8
60,Entry long,4/9/2014 14:15,Long,12811.45,29,371532.05,-4433.91,-1.19,6968.89,1.88,-6852.51,-1.84,279796.3,279.8
61,Exit long,4/30/2014 9:15,Bear flip exit,12944.15,29,373216.95,1938.82,0.52,11460.49,3.07,-1002.27,-0.27,281735.12,281.74
61,Entry long,4/21/2014 11:15,Long,12869.55,29,373216.95,1938.82,0.52,11460.49,3.07,-1002.27,-0.27,281735.12,281.74
62,Exit long,5/27/2014 10:15,Bear flip exit,15017,29,381379,53868.94,14.12,75026.04,19.67,-117.31,-0.03,335604.06,335.6
62,Entry long,5/9/2014 10:15,Long,13151,29,381379,53868.94,14.12,75026.04,19.67,-117.31,-0.03,335604.06,335.6
63,Exit long,6/13/2014 13:15,Bear flip exit,15248.4,28,426262.2,437.03,0.1,13932.32,3.27,-2241.88,-0.53,336041.1,336.04
63,Entry long,6/2/2014 12:15,Long,15223.65,28,426262.2,437.03,0.1,13932.32,3.27,-2241.88,-0.53,336041.1,336.04
64,Exit long,6/23/2014 10:15,Bear flip exit,14984,28,430455.2,-11158.2,-2.59,2339.06,0.54,-11628.74,-2.7,324882.9,324.88
64,Entry long,6/17/2014 15:15,Long,15373.4,28,430455.2,-11158.2,-2.59,2339.06,0.54,-11628.74,-2.7,324882.9,324.88
65,Exit long,7/8/2014 13:15,Bear flip exit,15296.05,27,413050.05,-304.51,-0.07,7831.64,1.9,-2502.61,-0.61,324578.38,324.58
65,Entry long,6/30/2014 12:15,Long,15298.15,27,413050.05,-304.51,-0.07,7831.64,1.9,-2502.61,-0.61,324578.38,324.58
66,Exit long,8/1/2014 10:15,Bear flip exit,15175.6,27,417903.3,-8410.39,-2.01,329.58,0.08,-9972.27,-2.39,316168,316.17
66,Entry long,7/31/2014 11:15,Long,15477.9,27,417903.3,-8410.39,-2.01,329.58,0.08,-9972.27,-2.39,316168,316.17
67,Exit long,9/16/2014 13:15,Bear flip exit,15985.2,26,413907,1459.34,0.35,10021.03,2.42,-845.67,-0.2,317627.34,317.63
67,Entry long,9/1/2014 10:15,Long,15919.5,26,413907,1459.34,0.35,10021.03,2.42,-845.67,-0.2,317627.34,317.63
68,Exit long,9/23/2014 15:15,Bear flip exit,15909,25,403198.75,-5714.03,-1.42,3489.04,0.87,-5903.46,-1.46,311913.3,311.91
68,Entry long,9/18/2014 13:15,Long,16127.95,25,403198.75,-5714.03,-1.42,3489.04,0.87,-5903.46,-1.46,311913.3,311.91
69,Exit long,10/13/2014 10:15,Bear flip exit,15383,26,404743.3,-5026.71,-1.24,5822.18,1.44,-7021.82,-1.73,306886.6,306.89
69,Entry long,10/9/2014 10:15,Long,15567.05,26,404743.3,-5026.71,-1.24,5822.18,1.44,-7021.82,-1.73,306886.6,306.89
70,Exit long,11/25/2014 12:15,Bear flip exit,18021.3,25,394450,55829,14.15,63259.16,16.03,-7642.08,-1.94,362715.6,362.72
70,Entry long,10/14/2014 10:15,Long,15778,25,394450,55829,14.15,63259.16,16.03,-7642.08,-1.94,362715.6,362.72
71,Exit long,12/9/2014 9:15,Bear flip exit,18495.45,24,444114,-489.6,-0.11,8763.57,1.97,-5023.23,-1.13,362226,362.23
71,Entry long,11/28/2014 10:15,Long,18504.75,24,444114,-489.6,-0.11,8763.57,1.97,-5023.23,-1.13,362226,362.23
72,Exit long,1/14/2015 13:15,Bear flip exit,18553.75,24,453313.2,-8292.78,-1.83,646.41,0.14,-9019.59,-1.99,353933.22,353.93
72,Entry long,1/13/2015 10:15,Long,18888.05,24,453313.2,-8292.78,-1.83,646.41,0.14,-9019.59,-1.99,353933.22,353.93
73,Exit long,1/30/2015 12:15,Bear flip exit,20011.3,23,438953.85,21036.29,4.79,41788.11,9.52,-496.24,-0.11,374969.5,374.97
73,Entry long,1/15/2015 10:15,Long,19084.95,23,438953.85,21036.29,4.79,41788.11,9.52,-496.24,-0.11,374969.5,374.97
74,Exit long,5/6/2015 10:15,Bear flip exit,18094,26,474762.6,-4602.16,-0.97,8338.77,1.76,-7081.83,-1.49,370367.34,370.37
74,Entry long,4/28/2015 15:15,Long,18260.1,26,474762.6,-4602.16,-0.97,8338.77,1.76,-7081.83,-1.49,370367.34,370.37
75,Exit long,6/2/2015 11:15,Bear flip exit,18417.7,25,463762.5,-3597.26,-0.78,6910.87,1.49,-5325.38,-1.15,366770.06,366.77
75,Entry long,5/28/2015 10:15,Long,18550.5,25,463762.5,-3597.26,-0.78,6910.87,1.49,-5325.38,-1.15,366770.06,366.77
76,Exit long,7/8/2015 12:15,Bear flip exit,18448.3,25,461911.25,-980.69,-0.21,12466.43,2.7,-1978.57,-0.43,365789.4,365.79
76,Entry long,7/1/2015 13:15,Long,18476.45,25,461911.25,-980.69,-0.21,12466.43,2.7,-1978.57,-0.43,365789.4,365.79
77,Exit long,7/20/2015 12:15,Bear flip exit,18887.5,24,453307.2,-279.18,-0.06,8054.01,1.78,-3817.59,-0.84,365510.22,365.51
77,Entry long,7/13/2015 14:15,Long,18887.8,24,453307.2,-279.18,-0.06,8054.01,1.78,-3817.59,-0.84,365510.22,365.51
78,Exit long,8/11/2015 13:15,Bear flip exit,18699.2,24,446883.6,1628.5,0.36,11471.14,2.57,-452.07,-0.1,367138.72,367.14
78,Entry long,7/31/2015 11:15,Long,18620.15,24,446883.6,1628.5,0.36,11471.14,2.57,-452.07,-0.1,367138.72,367.14
79,Exit long,10/21/2015 13:15,Bear flip exit,17638.05,26,456354.6,1960.22,0.43,10335.89,2.26,-4060.31,-0.89,369098.94,369.1
79,Entry long,10/5/2015 11:15,Long,17552.1,26,456354.6,1960.22,0.43,10335.89,2.26,-4060.31,-0.89,369098.94,369.1
80,Exit long,4/5/2016 13:15,Bear flip exit,15854.65,29,464352.35,-4844.74,-1.04,7708.09,1.66,-5724.71,-1.23,364254.2,364.25
80,Entry long,3/30/2016 13:15,Long,16012.15,29,464352.35,-4844.74,-1.04,7708.09,1.66,-5724.71,-1.23,364254.2,364.25
81,Exit long,5/20/2016 15:15,Bear flip exit,16480.8,27,455292.9,-10581.38,-2.32,960.96,0.21,-11133.69,-2.44,353672.8,353.67
81,Entry long,5/17/2016 12:15,Long,16862.7,27,455292.9,-10581.38,-2.32,960.96,0.21,-11133.69,-2.44,353672.8,353.67
82,Exit long,6/13/2016 10:15,Bear flip exit,17591.05,27,453463.65,21216.17,4.68,33790.81,7.45,-682.79,-0.15,374888.97,374.89
82,Entry long,5/25/2016 10:15,Long,16794.95,27,453463.65,21216.17,4.68,33790.81,7.45,-682.79,-0.15,374888.97,374.89
83,Exit long,6/16/2016 12:15,Bear flip exit,17546.35,26,465569,-9640.43,-2.07,336.13,0.07,-9503.57,-2.04,365248.53,365.25
83,Entry long,6/15/2016 15:15,Long,17906.5,26,465569,-9640.43,-2.07,336.13,0.07,-9503.57,-2.04,365248.53,365.25
84,Exit long,6/24/2016 10:15,Bear flip exit,17090.1,26,464951.5,-20881.69,-4.49,424.71,0.09,-22765.99,-4.89,344366.84,344.37
84,Entry long,6/23/2016 15:15,Long,17882.75,26,464951.5,-20881.69,-4.49,424.71,0.09,-22765.99,-4.89,344366.84,344.37
85,Exit long,7/21/2016 13:15,Bear flip exit,18783.25,24,429182.4,21351.61,4.97,30480.85,7.1,-1686.35,-0.39,365718.47,365.72
85,Entry long,6/30/2016 10:15,Long,17882.6,24,429182.4,21351.61,4.97,30480.85,7.1,-1686.35,-0.39,365718.47,365.72
86,Exit long,8/1/2016 13:15,Bear flip exit,18679.3,24,455750.4,-7718.42,-1.69,3154.88,0.69,-8191.12,-1.8,358000.03,358
86,Entry long,7/25/2016 14:15,Long,18989.6,24,455750.4,-7718.42,-1.69,3154.88,0.69,-8191.12,-1.8,358000.03,358
87,Exit long,8/26/2016 11:15,Bear flip exit,19188.15,24,454795.2,5445.81,1.2,12905.16,2.84,-2786.04,-0.61,363445.84,363.45
87,Entry long,8/12/2016 13:15,Long,18949.8,24,454795.2,5445.81,1.2,12905.16,2.84,-2786.04,-0.61,363445.84,363.45
88,Exit long,9/12/2016 10:15,Bear flip exit,19817.1,23,447198.2,8324.2,1.86,25911.04,5.79,-1013.91,-0.23,371770.06,371.77
88,Entry long,8/30/2016 10:15,Long,19443.4,23,447198.2,8324.2,1.86,25911.04,5.79,-1013.91,-0.23,371770.06,371.77
89,Exit long,9/26/2016 10:15,Bear flip exit,19745.5,23,463553.5,-9682.31,-2.09,2397.83,0.52,-10655.82,-2.3,362087.75,362.09
89,Entry long,9/16/2016 10:15,Long,20154.5,23,463553.5,-9682.31,-2.09,2397.83,0.52,-10655.82,-2.3,362087.75,362.09
90,Exit long,11/15/2016 12:15,Bear flip exit,19433.3,23,459845.9,-13152.04,-2.86,7138.1,1.55,-16624.35,-3.61,348935.7,348.94
90,Entry long,11/10/2016 10:15,Long,19993.3,23,459845.9,-13152.04,-2.86,7138.1,1.55,-16624.35,-3.61,348935.7,348.94
91,Exit long,1/20/2017 14:15,Bear flip exit,18870.25,24,439206,13412.37,3.05,23298.24,5.3,-1841.76,-0.42,362348.06,362.35
91,Entry long,1/6/2017 10:15,Long,18300.25,24,439206,13412.37,3.05,23298.24,5.3,-1841.76,-0.42,362348.06,362.35
92,Exit long,2/9/2017 11:15,Bear flip exit,20053.3,24,459639.6,21357.32,4.65,31321.31,6.81,-351.49,-0.08,383705.4,383.71
92,Entry long,1/25/2017 10:15,Long,19151.65,24,459639.6,21357.32,4.65,31321.31,6.81,-351.49,-0.08,383705.4,383.71
93,Exit long,2/27/2017 15:15,Bear flip exit,20624.6,23,475077.65,-996.68,-0.21,8053.53,1.69,-4878.22,-1.03,382708.72,382.71
93,Entry long,2/17/2017 10:15,Long,20655.55,23,475077.65,-996.68,-0.21,8053.53,1.69,-4878.22,-1.03,382708.72,382.71
94,Exit long,3/2/2017 15:15,Bear flip exit,20551.8,23,479402.8,-6997.03,-1.46,908.43,0.19,-7506.12,-1.57,375711.7,375.71
94,Entry long,3/2/2017 10:15,Long,20843.6,23,479402.8,-6997.03,-1.46,908.43,0.19,-7506.12,-1.57,375711.7,375.71
95,Exit long,3/21/2017 12:15,Bear flip exit,21016.25,22,456684.8,5396.99,1.18,12571.3,2.75,-2548.21,-0.56,381108.7,381.11
95,Entry long,3/10/2017 10:15,Long,20758.4,22,456684.8,5396.99,1.18,12571.3,2.75,-2548.21,-0.56,381108.7,381.11
96,Exit long,4/7/2017 15:15,Bear flip exit,21407.75,22,464307.8,6382.12,1.37,12937.51,2.79,-2896.99,-0.62,387490.78,387.49
96,Entry long,3/24/2017 10:15,Long,21104.9,22,464307.8,6382.12,1.37,12937.51,2.79,-2896.99,-0.62,387490.78,387.49
97,Exit long,4/19/2017 12:15,Bear flip exit,21562.95,22,478692.5,-4593.52,-0.96,3997.89,0.83,-6229.91,-1.3,382897.28,382.9
97,Entry long,4/12/2017 13:15,Long,21758.75,22,478692.5,-4593.52,-0.96,3997.89,0.83,-6229.91,-1.3,382897.28,382.9
98,Exit long,5/12/2017 12:15,Bear flip exit,22674.5,22,480581.2,17963.97,3.74,24787.33,5.16,-1004.37,-0.21,400861.25,400.86
98,Entry long,4/24/2017 13:15,Long,21844.6,22,480581.2,17963.97,3.74,24787.33,5.16,-1004.37,-0.21,400861.25,400.86
99,Exit long,6/14/2017 9:15,Bear flip exit,23562.8,21,483706.65,10818.59,2.24,14029.89,2.9,-257.46,-0.05,411679.84,411.68
99,Entry long,5/25/2017 14:15,Long,23033.65,21,483706.65,10818.59,2.24,14029.89,2.9,-257.46,-0.05,411679.84,411.68
100,Exit long,6/23/2017 12:15,Bear flip exit,23582.1,21,497722.05,-2795.83,-0.56,3983.48,0.8,-3711.97,-0.75,408884,408.88
100,Entry long,6/19/2017 14:15,Long,23701.05,21,497722.05,-2795.83,-0.56,3983.48,0.8,-3711.97,-0.75,408884,408.88
101,Exit long,8/3/2017 10:15,Bear flip exit,24800.3,21,493353,27149.05,5.5,35673.79,7.23,-4413.11,-0.89,436033.06,436.03
101,Entry long,7/6/2017 11:15,Long,23493,21,493353,27149.05,5.5,35673.79,7.23,-4413.11,-0.89,436033.06,436.03
102,Exit long,9/4/2017 12:15,Bear flip exit,24204.15,21,512849.4,-4868.59,-0.95,1378.1,0.27,-5158.15,-1.01,431164.47,431.16
102,Entry long,9/1/2017 10:15,Long,24421.4,21,512849.4,-4868.59,-0.95,1378.1,0.27,-5158.15,-1.01,431164.47,431.16
103,Exit long,9/21/2017 10:15,Bear flip exit,24775.9,21,515136.3,4846.97,0.94,11921.51,2.31,-253.24,-0.05,436011.44,436.01
103,Entry long,9/11/2017 11:15,Long,24530.3,21,515136.3,4846.97,0.94,11921.51,2.31,-253.24,-0.05,436011.44,436.01
104,Exit long,10/18/2017 10:15,Bear flip exit,24344.7,21,514970.4,-4039.56,-0.78,7326.76,1.42,-4839.59,-0.94,431971.88,431.97
104,Entry long,10/13/2017 10:15,Long,24522.4,21,514970.4,-4039.56,-0.78,7326.76,1.42,-4839.59,-0.94,431971.88,431.97
105,Exit long,11/7/2017 15:15,Bear flip exit,25292.1,21,517959.75,12859.62,2.48,21495.61,4.15,-1357.64,-0.26,444831.5,444.83
105,Entry long,10/25/2017 10:15,Long,24664.75,21,517959.75,12859.62,2.48,21495.61,4.15,-1357.64,-0.26,444831.5,444.83
106,Exit long,11/30/2017 10:15,Bear flip exit,25588.7,21,542841.6,-5802.96,-1.07,2019.05,0.37,-5949.4,-1.1,439028.53,439.03
106,Entry long,11/17/2017 10:15,Long,25849.6,21,542841.6,-5802.96,-1.07,2019.05,0.37,-5949.4,-1.1,439028.53,439.03
107,Exit long,12/28/2017 9:15,Bear flip exit,25470.05,21,535149.3,-599.26,-0.11,6071.21,1.13,-18349.69,-3.43,438429.28,438.43
107,Entry long,12/15/2017 10:15,Long,25483.3,21,535149.3,-599.26,-0.11,6071.21,1.13,-18349.69,-3.43,438429.28,438.43
108,Exit long,4/20/2018 10:15,Bear flip exit,24958,21,519482.25,4322.67,0.83,14065.36,2.71,-2483.69,-0.48,442751.94,442.75
108,Entry long,4/5/2018 15:15,Long,24737.25,21,519482.25,4322.67,0.83,14065.36,2.71,-2483.69,-0.48,442751.94,442.75
109,Exit long,5/16/2018 10:15,Bear flip exit,26180.2,21,532402.5,17057.04,3.2,33850.83,6.36,-2015.07,-0.38,459809,459.81
109,Entry long,4/27/2018 10:15,Long,25352.5,21,532402.5,17057.04,3.2,33850.83,6.36,-2015.07,-0.38,459809,459.81
110,Exit long,5/29/2018 15:15,Bear flip exit,26269.2,21,548777.25,2545.82,0.46,12044.77,2.19,-469.13,-0.09,462354.8,462.35
110,Entry long,5/25/2018 10:15,Long,26132.25,21,548777.25,2545.82,0.46,12044.77,2.19,-469.13,-0.09,462354.8,462.35
111,Exit long,6/19/2018 10:15,Bear flip exit,26346.8,20,538086,-11469.51,-2.13,3133.57,0.58,-16856.43,-3.13,450885.3,450.89
111,Entry long,5/31/2018 15:15,Long,26904.3,20,538086,-11469.51,-2.13,3133.57,0.58,-16856.43,-3.13,450885.3,450.89
112,Exit long,7/16/2018 14:15,Bear flip exit,26716.8,20,530983,3033.4,0.57,12153.71,2.29,-2942.29,-0.55,453918.72,453.92
112,Entry long,7/5/2018 10:15,Long,26549.15,20,530983,3033.4,0.57,12153.71,2.29,-2942.29,-0.55,453918.72,453.92
113,Exit long,7/19/2018 15:15,Bear flip exit,26791.7,20,540173,-4661.8,-0.86,3407.95,0.63,-5733.05,-1.06,449256.9,449.26
113,Entry long,7/17/2018 15:15,Long,27008.65,20,540173,-4661.8,-0.86,3407.95,0.63,-5733.05,-1.06,449256.9,449.26
114,Exit long,8/2/2018 9:15,Bear flip exit,27487.9,20,544416,5013.75,0.92,12894.68,2.37,-478.32,-0.09,454270.66,454.27
114,Entry long,7/26/2018 10:15,Long,27220.8,20,544416,5013.75,0.92,12894.68,2.37,-478.32,-0.09,454270.66,454.27
115,Exit long,8/13/2018 10:15,Bear flip exit,27784.5,20,553793,1564.16,0.28,13598.86,2.45,-346.14,-0.06,455834.8,455.83
115,Entry long,8/3/2018 15:15,Long,27689.65,20,553793,1564.16,0.28,13598.86,2.45,-346.14,-0.06,455834.8,455.83
116,Exit long,8/23/2018 13:15,Bear flip exit,28023.4,19,537507.15,-5383.54,-1,515.15,0.1,-5451.8,-1.01,450451.28,450.45
116,Entry long,8/20/2018 10:15,Long,28289.85,19,537507.15,-5383.54,-1,515.15,0.1,-5451.8,-1.01,450451.28,450.45
117,Exit long,8/30/2018 13:15,Bear flip exit,27991.95,19,535588.15,-4061.33,-0.76,3635.52,0.68,-4030.98,-0.75,446389.94,446.39
117,Entry long,8/27/2018 10:15,Long,28188.85,19,535588.15,-4061.33,-0.76,3635.52,0.68,-4030.98,-0.75,446389.94,446.39
118,Exit long,10/11/2018 10:15,Bear flip exit,24640,21,530952.45,-13826.97,-2.6,1682.41,0.32,-16744.03,-3.15,432562.97,432.56
118,Entry long,10/10/2018 14:15,Long,25283.45,21,530952.45,-13826.97,-2.6,1682.41,0.32,-16744.03,-3.15,432562.97,432.56
119,Exit long,10/19/2018 11:15,Bear flip exit,25019.6,20,512597,-12508.9,-2.44,5556.22,1.08,-14297.78,-2.79,420054.06,420.05
119,Entry long,10/16/2018 10:15,Long,25629.85,20,512597,-12508.9,-2.44,5556.22,1.08,-14297.78,-2.79,420054.06,420.05
120,Exit long,12/5/2018 15:15,Bear flip exit,26519.05,20,517496,12570.64,2.43,23090.75,4.46,-3091.25,-0.6,432624.72,432.62
120,Entry long,11/14/2018 10:15,Long,25874.8,20,517496,12570.64,2.43,23090.75,4.46,-3091.25,-0.6,432624.72,432.62
121,Exit long,1/14/2019 10:15,Bear flip exit,27224.15,19,521512,-4564.78,-0.88,5666.1,1.09,-5591.4,-1.07,428059.94,428.06
121,Entry long,1/7/2019 10:15,Long,27448,19,521512,-4564.78,-0.88,5666.1,1.09,-5591.4,-1.07,428059.94,428.06
122,Exit long,1/23/2019 15:15,Bear flip exit,27228.6,19,523398.7,-6367.52,-1.22,1266.08,0.24,-6465.97,-1.24,421692.4,421.69
122,Entry long,1/16/2019 10:15,Long,27547.3,19,523398.7,-6367.52,-1.22,1266.08,0.24,-6465.97,-1.24,421692.4,421.69
123,Exit long,3/25/2019 10:15,Bear flip exit,29284.95,19,518446.35,37645.24,7.26,51552.02,9.94,-352.18,-0.07,459337.66,459.34
123,Entry long,3/5/2019 13:15,Long,27286.65,19,518446.35,37645.24,7.26,51552.02,9.94,-352.18,-0.07,459337.66,459.34
124,Exit long,4/4/2019 12:15,Bear flip exit,30022.6,18,538295.4,1787.79,0.33,13208.91,2.45,-2232.39,-0.41,461125.44,461.13
124,Entry long,3/26/2019 15:15,Long,29905.3,18,538295.4,1787.79,0.33,13208.91,2.45,-2232.39,-0.41,461125.44,461.13
125,Exit long,9/17/2019 13:15,Bear flip exit,27495.35,20,549098,479.3,0.09,13274.27,2.42,-1070.73,-0.19,461604.75,461.6
125,Entry long,9/9/2019 11:15,Long,27454.9,20,549098,479.3,0.09,13274.27,2.42,-1070.73,-0.19,461604.75,461.6
126,Exit long,9/30/2019 13:15,Bear flip exit,29155.35,20,559255,23509.29,4.2,56603.22,10.12,-231.78,-0.04,485114.03,485.11
126,Entry long,9/20/2019 11:15,Long,27962.75,20,559255,23509.29,4.2,56603.22,10.12,-231.78,-0.04,485114.03,485.11
127,Exit long,12/3/2019 10:15,Bear flip exit,31724.85,18,561911.4,8796.01,1.56,16746.93,2.98,-3184.47,-0.57,493910.03,493.91
127,Entry long,11/19/2019 12:15,Long,31217.3,18,561911.4,8796.01,1.56,16746.93,2.98,-3184.47,-0.57,493910.03,493.91
128,Exit long,12/6/2019 14:15,Bear flip exit,31282.95,18,577390.5,-14639.54,-2.53,536.88,0.09,-14670.42,-2.54,479270.5,479.27
128,Entry long,12/5/2019 11:15,Long,32077.25,18,577390.5,-14639.54,-2.53,536.88,0.09,-14670.42,-2.54,479270.5,479.27
129,Exit long,1/1/2020 13:15,Bear flip exit,32097,17,550842.5,-5522.45,-1,3414.95,0.62,-6035.35,-1.1,473748.06,473.75
129,Entry long,12/27/2019 15:15,Long,32402.5,17,550842.5,-5522.45,-1,3414.95,0.62,-6035.35,-1.1,473748.06,473.75
130,Exit long,2/14/2020 11:15,Bear flip exit,30857.65,18,555285.6,-181.12,-0.03,14237.91,2.56,-3595.59,-0.65,473566.94,473.57
130,Entry long,2/5/2020 10:15,Long,30849.2,18,555285.6,-181.12,-0.03,14237.91,2.56,-3595.59,-0.65,473566.94,473.57
131,Exit long,2/24/2020 15:15,Bear flip exit,30460.55,18,554905.8,-6946.86,-1.25,4463.13,0.8,-7181.97,-1.29,466620.06,466.62
131,Entry long,2/19/2020 13:15,Long,30828.1,18,554905.8,-6946.86,-1.25,4463.13,0.8,-7181.97,-1.29,466620.06,466.62
132,Exit long,5/4/2020 10:15,Bear flip exit,19956.7,28,565796,-7345.77,-1.3,49110.26,8.68,-19534.54,-3.45,459274.3,459.27
132,Entry long,4/23/2020 14:15,Long,20207,28,565796,-7345.77,-1.3,49110.26,8.68,-19534.54,-3.45,459274.3,459.27
133,Exit long,6/11/2020 15:15,Bear flip exit,20495.25,25,540607.5,-28542.15,-5.28,2751.57,0.51,-29279.68,-5.41,430732.16,430.73
133,Entry long,6/8/2020 10:15,Long,21624.3,25,540607.5,-28542.15,-5.28,2751.57,0.51,-29279.68,-5.41,430732.16,430.73
134,Exit long,6/24/2020 15:15,Bear flip exit,21412.1,25,523410,11574.89,2.21,38421.73,7.34,-1610.77,-0.31,442307.03,442.31
134,Entry long,6/18/2020 15:15,Long,20936.4,25,523410,11574.89,2.21,38421.73,7.34,-1610.77,-0.31,442307.03,442.31
135,Exit long,7/13/2020 11:15,Bear flip exit,22241.7,24,528111.6,5370.63,1.02,25664.37,4.86,-5838.03,-1.11,447677.66,447.68
135,Entry long,7/1/2020 15:15,Long,22004.65,24,528111.6,5370.63,1.02,25664.37,4.86,-5838.03,-1.11,447677.66,447.68
136,Exit long,7/24/2020 11:15,Bear flip exit,22497.15,24,538959.6,648.33,0.12,17951.11,3.33,-5960.09,-1.11,448326,448.33
136,Entry long,7/20/2020 10:15,Long,22456.65,24,538959.6,648.33,0.12,17951.11,3.33,-5960.09,-1.11,448326,448.33
137,Exit long,8/14/2020 14:15,Bear flip exit,21692.65,25,546572.5,-4582.92,-0.84,14262.28,2.61,-12478.97,-2.28,443743.1,443.74
137,Entry long,8/5/2020 10:15,Long,21862.9,25,546572.5,-4582.92,-0.84,14262.28,2.61,-12478.97,-2.28,443743.1,443.74
138,Exit long,8/31/2020 14:15,Bear flip exit,23671.75,24,536764.8,31025.73,5.78,68656.57,12.79,-11645.03,-2.17,474768.8,474.77
138,Entry long,8/19/2020 10:15,Long,22365.2,24,536764.8,31025.73,5.78,68656.57,12.79,-11645.03,-2.17,474768.8,474.77
139,Exit long,10/15/2020 15:15,Bear flip exit,23002.5,24,572582.4,-20859.79,-3.64,5354.23,0.93,-20745.78,-3.62,453909.03,453.91
139,Entry long,10/14/2020 15:15,Long,23857.6,24,572582.4,-20859.79,-3.64,5354.23,0.93,-20745.78,-3.62,453909.03,453.91
140,Exit long,10/21/2020 14:15,Bear flip exit,24156.7,22,530655.4,473.37,0.09,15304.6,2.88,-3647.3,-0.69,454382.4,454.38
140,Entry long,10/19/2020 10:15,Long,24120.7,22,530655.4,473.37,0.09,15304.6,2.88,-3647.3,-0.69,454382.4,454.38
141,Exit long,11/19/2020 15:15,Bear flip exit,28912.6,22,544788.2,90934.74,16.69,110312.87,20.24,-163.44,-0.03,545317.1,545.32
141,Entry long,11/2/2020 14:15,Long,24763.1,22,544788.2,90934.74,16.69,110312.87,20.24,-163.44,-0.03,545317.1,545.32
142,Exit long,1/18/2021 12:15,Bear flip exit,31931.7,21,638473.5,31699.49,4.96,48432.91,7.58,-3157.79,-0.49,577016.6,577.02
142,Entry long,12/24/2020 10:15,Long,30403.5,21,638473.5,31699.49,4.96,48432.91,7.58,-3157.79,-0.49,577016.6,577.02
143,Exit long,1/21/2021 15:15,Bear flip exit,32150.55,20,655820,-13198.65,-2.01,138.25,0.02,-16305.75,-2.49,563818,563.82
143,Entry long,1/21/2021 13:15,Long,32791,20,655820,-13198.65,-2.01,138.25,0.02,-16305.75,-2.49,563818,563.82
144,Exit long,2/19/2021 13:15,Bear flip exit,36271.55,21,653852.85,107425.03,16.42,137834.75,21.07,-2038.91,-0.31,671243,671.24
144,Entry long,2/1/2021 10:15,Long,31135.85,21,653852.85,107425.03,16.42,137834.75,21.07,-2038.91,-0.31,671243,671.24
145,Exit long,3/5/2021 11:15,Bear flip exit,35277,21,764031.45,-23665.9,-3.1,608.69,0.08,-26420.41,-3.46,647577.1,647.58
145,Entry long,3/3/2021 15:15,Long,36382.45,21,764031.45,-23665.9,-3.1,608.69,0.08,-26420.41,-3.46,647577.1,647.58
146,Exit long,6/8/2021 12:15,Bear flip exit,35017.95,22,723481,46465.74,6.42,64141.75,8.86,-1240.04,-0.17,694042.8,694.04
146,Entry long,5/17/2021 10:15,Long,32885.5,22,723481,46465.74,6.42,64141.75,8.86,-1240.04,-0.17,694042.8,694.04
147,Exit long,7/8/2021 14:15,Bear flip exit,35285.65,22,780370.8,-4553.5,-0.58,7237.09,0.93,-5471.21,-0.7,689489.3,689.49
147,Entry long,7/6/2021 10:15,Long,35471.4,22,780370.8,-4553.5,-0.58,7237.09,0.93,-5471.21,-0.7,689489.3,689.49
148,Exit long,7/19/2021 10:15,Bear flip exit,35286.9,22,787571.4,-11728.76,-1.49,3867.83,0.49,-17581.07,-2.23,677760.56,677.76
148,Entry long,7/14/2021 13:15,Long,35798.7,22,787571.4,-11728.76,-1.49,3867.83,0.49,-17581.07,-2.23,677760.56,677.76
149,Exit long,7/28/2021 11:15,Bear flip exit,34315.5,22,771247.4,-16764.26,-2.17,2615.43,0.34,-20944.37,-2.71,660996.3,661
149,Entry long,7/23/2021 15:15,Long,35056.7,22,771247.4,-16764.26,-2.17,2615.43,0.34,-20944.37,-2.71,660996.3,661
150,Exit long,8/18/2021 15:15,Bear flip exit,35607.55,21,739281.9,8030.54,1.09,23153.32,3.13,-686.93,-0.09,669026.9,669.03
150,Entry long,8/3/2021 15:15,Long,35203.9,21,739281.9,8030.54,1.09,23153.32,3.13,-686.93,-0.09,669026.9,669.03
151,Exit long,9/7/2021 10:15,Bear flip exit,36226.15,21,749810.25,10485.73,1.4,29904.81,3.99,-7490.94,-1,679512.56,679.51
151,Entry long,8/24/2021 15:15,Long,35705.25,21,749810.25,10485.73,1.4,29904.81,3.99,-7490.94,-1,679512.56,679.51
152,Exit long,9/21/2021 9:15,Bear flip exit,37262.15,20,742331,2465.73,0.33,19701.3,2.65,-1184.7,-0.16,681978.3,681.98
152,Entry long,9/16/2021 10:15,Long,37116.55,20,742331,2465.73,0.33,19701.3,2.65,-1184.7,-0.16,681978.3,681.98
153,Exit long,9/28/2021 14:15,Bear flip exit,37460.8,20,755279,-6514.35,-0.86,12039.42,1.59,-6606.58,-0.87,675464,675.46
153,Entry long,9/23/2021 14:15,Long,37763.95,20,755279,-6514.35,-0.86,12039.42,1.59,-6606.58,-0.87,675464,675.46
154,Exit long,10/28/2021 11:15,Bear flip exit,40241.1,20,759420,44932.73,5.91,76944.17,10.13,-10607.83,-1.4,720396.7,720.4
154,Entry long,10/6/2021 10:15,Long,37971,20,759420,44932.73,5.91,76944.17,10.13,-10607.83,-1.4,720396.7,720.4
155,Exit long,12/14/2021 10:15,Bear flip exit,36660.15,22,804117.6,1922.51,0.24,22424.27,2.79,-1262.04,-0.16,722319.2,722.32
155,Entry long,12/7/2021 11:15,Long,36550.8,22,804117.6,1922.51,0.24,22424.27,2.79,-1262.04,-0.16,722319.2,722.32
156,Exit long,1/19/2022 11:15,Bear flip exit,38080.5,21,815020.5,-15814.41,-1.94,0,0,-19528.81,-2.4,706504.8,706.5
156,Entry long,1/18/2022 14:15,Long,38810.5,21,815020.5,-15814.41,-1.94,0,0,-19528.81,-2.4,706504.8,706.5
157,Exit long,2/7/2022 12:15,Bear flip exit,38285.65,21,801709.65,1807.29,0.23,25971.69,3.24,-12738.66,-1.59,708312.06,708.31
157,Entry long,1/28/2022 10:15,Long,38176.65,21,801709.65,1807.29,0.23,25971.69,3.24,-12738.66,-1.59,708312.06,708.31
158,Exit long,2/14/2022 10:15,Bear flip exit,37413.35,20,781679,-33870.98,-4.33,2030.5,0.26,-37635.5,-4.81,674441.1,674.44
158,Entry long,2/10/2022 11:15,Long,39083.95,20,781679,-33870.98,-4.33,2030.5,0.26,-37635.5,-4.81,674441.1,674.44
159,Exit long,4/12/2022 10:15,Bear flip exit,37343.3,21,760749.15,22996.66,3.02,53105.48,6.98,-1791.67,-0.24,697437.75,697.44
159,Entry long,3/30/2022 10:15,Long,36226.15,21,760749.15,22996.66,3.02,53105.48,6.98,-1791.67,-0.24,697437.75,697.44
160,Exit long,7/13/2022 13:15,Bear flip exit,34887.55,23,781261.7,20676.85,2.65,35995.22,4.61,-5085.08,-0.65,718114.6,718.11
160,Entry long,7/4/2022 15:15,Long,33967.9,23,781261.7,20676.85,2.65,35995.22,4.61,-5085.08,-0.65,718114.6,718.11
161,Exit long,8/19/2022 12:15,Bear flip exit,39085,23,809514.9,88927.56,10.98,104702.7,12.93,-2216.25,-0.27,807042.2,807.04
161,Entry long,7/18/2022 14:15,Long,35196.3,23,809514.9,88927.56,10.98,104702.7,12.93,-2216.25,-0.27,807042.2,807.04
162,Exit long,8/29/2022 10:15,Bear flip exit,38345.95,23,898554.8,-17132.1,-1.91,9025.88,1,-26115.82,-2.91,789910.06,789.91
162,Entry long,8/24/2022 15:15,Long,39067.6,23,898554.8,-17132.1,-1.91,9025.88,1,-26115.82,-2.91,789910.06,789.91
163,Exit long,9/22/2022 11:15,Bear flip exit,40757.05,22,861378.1,34749.59,4.03,58846.79,6.83,-7963.91,-0.92,824659.6,824.66
163,Entry long,8/30/2022 13:15,Long,39153.55,22,861378.1,34749.59,4.03,58846.79,6.83,-7963.91,-0.92,824659.6,824.66
164,Exit long,12/15/2022 15:15,Bear flip exit,43478.1,23,908334.4,91089.4,10.03,106884.5,11.76,-8232.8,-0.91,915749.06,915.75
164,Entry long,10/14/2022 12:15,Long,39492.8,23,908334.4,91089.4,10.03,106884.5,11.76,-8232.8,-0.91,915749.06,915.75
165,Exit long,2/17/2023 12:15,Bear flip exit,41218.4,24,989672.4,-1024.47,-0.1,18406.3,1.86,-42197.3,-4.26,914724.56,914.72
165,Entry long,2/1/2023 11:15,Long,41236.35,24,989672.4,-1024.47,-0.1,18406.3,1.86,-42197.3,-4.26,914724.56,914.72
166,Exit long,3/10/2023 10:15,Bear flip exit,40540.7,24,975672,-3279.79,-0.34,24144.1,2.47,-8455.1,-0.87,911444.8,911.44
166,Entry long,3/1/2023 11:15,Long,40653,24,975672,-3279.79,-0.34,24144.1,2.47,-8455.1,-0.87,911444.8,911.44
167,Exit long,5/17/2023 13:15,Bear flip exit,43487.7,23,1007712.8,-8098.08,-0.8,7473.99,0.74,-7858.96,-0.78,903346.7,903.35
167,Entry long,5/12/2023 14:15,Long,43813.6,23,1007712.8,-8098.08,-0.8,7473.99,0.74,-7858.96,-0.78,903346.7,903.35
168,Exit long,5/31/2023 12:15,Bear flip exit,43960.45,22,968965.8,-2416.73,-0.25,9712.71,1,-3752.39,-0.39,900930,900.93
168,Entry long,5/26/2023 14:15,Long,44043.9,22,968965.8,-2416.73,-0.25,9712.71,1,-3752.39,-0.39,900930,900.93
169,Exit long,6/8/2023 15:15,Bear flip exit,43962.85,22,976983.7,-10384.25,-1.06,826.7,0.08,-10094.09,-1.03,890545.75,890.55
169,Entry long,6/8/2023 10:15,Long,44408.35,22,976983.7,-10384.25,-1.06,826.7,0.08,-10094.09,-1.03,890545.75,890.55
170,Exit long,7/28/2023 10:15,Bear flip exit,45424.95,21,955845.45,-2494.43,-0.26,17627.3,1.84,-5224.9,-0.55,888051.3,888.05
170,Entry long,7/17/2023 15:15,Long,45516.45,21,955845.45,-2494.43,-0.26,17627.3,1.84,-5224.9,-0.55,888051.3,888.05
171,Exit long,9/20/2023 10:15,Bear flip exit,45567.85,22,982314.3,19582.96,1.99,36219.81,3.69,-10049.49,-1.02,907634.25,907.63
171,Entry long,9/5/2023 10:15,Long,44650.65,22,982314.3,19582.96,1.99,36219.81,3.69,-10049.49,-1.02,907634.25,907.63
172,Exit long,12/21/2023 9:15,Bear flip exit,47143.7,22,963974,72587.06,7.53,96575.71,10.02,-762.19,-0.08,980221.3,980.22
172,Entry long,11/28/2023 10:15,Long,43817,22,963974,72587.06,7.53,96575.71,10.02,-762.19,-0.08,980221.3,980.22
173,Exit long,1/2/2024 11:15,Bear flip exit,47859.95,22,1060122.8,-7837.81,-0.74,9561.06,0.9,-8516.34,-0.8,972383.5,972.38
173,Entry long,12/27/2023 12:15,Long,48187.4,22,1060122.8,-7837.81,-0.74,9561.06,0.9,-8516.34,-0.8,972383.5,972.38
174,Exit long,1/8/2024 12:15,Bear flip exit,47754.35,22,1062601.1,-12639.36,-1.19,0,0,-13019.38,-1.22,959744.1,959.74
174,Entry long,1/5/2024 10:15,Long,48300.05,22,1062601.1,-12639.36,-1.19,0,0,-13019.38,-1.22,959744.1,959.74
175,Exit long,3/12/2024 12:15,Bear flip exit,47268,22,1032043.1,7231.32,0.7,27194.79,2.63,-894.81,-0.09,966975.44,966.98
175,Entry long,3/1/2024 12:15,Long,46911.05,22,1032043.1,7231.32,0.7,27194.79,2.63,-894.81,-0.09,966975.44,966.98
176,Exit long,4/15/2024 10:15,Bear flip exit,47982.4,22,1037564,17420.85,1.68,41387.53,3.99,-3929.17,-0.38,984396.3,984.4
176,Entry long,3/28/2024 10:15,Long,47162,22,1037564,17420.85,1.68,41387.53,3.99,-3929.17,-0.38,984396.3,984.4
177,Exit long,5/7/2024 10:15,Bear flip exit,48598.2,22,1057526.8,10995.59,1.04,41600.44,3.93,-7625.66,-0.72,995391.9,995.39
177,Entry long,4/23/2024 10:15,Long,48069.4,22,1057526.8,10995.59,1.04,41600.44,3.93,-7625.66,-0.72,995391.9,995.39
178,Exit long,7/23/2024 13:15,Bear flip exit,51363.45,20,1052948,-26303.06,-2.5,2391.12,0.23,-26410.88,-2.51,969088.8,969.09
178,Entry long,7/12/2024 11:15,Long,52647.4,20,1052948,-26303.06,-2.5,2391.12,0.23,-26410.88,-2.51,969088.8,969.09
179,Exit long,11/8/2024 12:15,Bear flip exit,51550,20,1042250,-11871.97,-1.14,7316.33,0.7,-12661.67,-1.21,957216.9,957.22
179,Entry long,11/5/2024 14:15,Long,52112.5,20,1042250,-11871.97,-1.14,7316.33,0.7,-12661.67,-1.21,957216.9,957.22
180,Exit long,12/17/2024 14:15,Bear flip exit,52794.7,19,1018500.7,-16007.88,-1.57,2232.85,0.22,-16823.2,-1.65,941209,941.21
180,Entry long,12/13/2024 15:15,Long,53605.3,19,1018500.7,-16007.88,-1.57,2232.85,0.22,-16823.2,-1.65,941209,941.21
181,Exit long,1/6/2025 10:15,Bear flip exit,50755.9,20,1032080,-17576.16,-1.7,1042.38,0.1,-21933.62,-2.12,923632.8,923.63
181,Entry long,1/2/2025 15:15,Long,51604,20,1032080,-17576.16,-1.7,1042.38,0.1,-21933.62,-2.12,923632.8,923.63
182,Exit long,4/1/2025 11:15,Bear flip exit,50909.7,20,979943,37651.56,3.84,61042.02,6.23,-2072.98,-0.21,961284.4,961.28
182,Entry long,3/18/2025 10:15,Long,48997.15,20,979943,37651.56,3.84,61042.02,6.23,-2072.98,-0.21,961284.4,961.28
183,Exit long,4/7/2025 10:15,Bear flip exit,49660.65,20,1033733,-41128.08,-3.98,1223.88,0.12,-49198.12,-4.76,920156.3,920.16
183,Entry long,4/4/2025 11:15,Long,51686.65,20,1033733,-41128.08,-3.98,1223.88,0.12,-49198.12,-4.76,920156.3,920.16
184,Exit long,4/25/2025 10:15,Bear flip exit,54669.75,19,972901.65,65220.11,6.7,92681.78,9.52,-6091.62,-0.63,985376.44,985.38
184,Entry long,4/11/2025 12:15,Long,51205.35,19,972901.65,65220.11,6.7,92681.78,9.52,-6091.62,-0.63,985376.44,985.38
185,Exit long,5/6/2025 10:15,Bear flip exit,54595.2,19,1056015.25,-19334.45,-1.83,0,0,-19023.25,-1.8,966041.94,966.04
185,Entry long,5/2/2025 10:15,Long,55579.75,19,1056015.25,-19334.45,-1.83,0,0,-19023.25,-1.8,966041.94,966.04
186,Exit long,5/20/2025 14:15,Bear flip exit,54962.9,19,1047818.65,-4151.18,-0.4,10082.45,0.96,-13729.3,-1.31,961890.75,961.89
186,Entry long,5/12/2025 10:15,Long,55148.35,19,1047818.65,-4151.18,-0.4,10082.45,0.96,-13729.3,-1.31,961890.75,961.89
187,Exit long,6/12/2025 11:15,Bear flip exit,56267.75,19,1050925.15,17526.1,1.67,32378.02,3.08,-5521.28,-0.53,979416.9,979.42
187,Entry long,5/23/2025 11:15,Long,55311.85,19,1050925.15,17526.1,1.67,32378.02,3.08,-5521.28,-0.53,979416.9,979.42
188,Exit long,7/2/2025 14:15,Bear flip exit,56891.9,19,1066545.05,13756.8,1.29,28074.59,2.63,-7059.26,-0.66,993173.7,993.17
188,Entry long,6/20/2025 11:15,Long,56133.95,19,1066545.05,13756.8,1.29,28074.59,2.63,-7059.26,-0.66,993173.7,993.17
189,Exit long,8/22/2025 10:15,Bear flip exit,55336.95,19,1064537.7,-13770.43,-1.29,476.74,0.04,-14139.96,-1.33,979403.25,979.4
189,Entry long,8/18/2025 10:15,Long,56028.3,19,1064537.7,-13770.43,-1.29,476.74,0.04,-14139.96,-1.33,979403.25,979.4
190,Exit long,9/23/2025 11:15,Bear flip exit,55214.85,19,1031738,16719.9,1.62,28822.23,2.79,-4537.97,-0.44,996123.1,996.12
190,Entry long,9/8/2025 12:15,Long,54302,19,1031738,16719.9,1.62,28822.23,2.79,-4537.97,-0.44,996123.1,996.12
191,Exit long,10/24/2025 14:15,Bear flip exit,57612.45,19,1046483.9,47510.31,4.54,66174.66,6.32,-323.45,-0.03,1043633.44,1043.63
191,Entry long,10/1/2025 11:15,Long,55078.1,19,1046483.9,47510.31,4.54,66174.66,6.32,-323.45,-0.03,1043633.44,1043.63
192,Exit long,11/24/2025 9:15,Bear flip exit,59039.15,19,1104729.35,16346.56,1.48,24301.13,2.2,-944.17,-0.09,1059980,1059.98
192,Entry long,11/11/2025 15:15,Long,58143.65,19,1104729.35,16346.56,1.48,24301.13,2.2,-944.17,-0.09,1059980,1059.98
193,Exit long,12/2/2025 15:15,Bear flip exit,59294.65,19,1131222,-5301,-0.47,10610.33,0.94,-5774.32,-0.51,1054679,1054.68
193,Entry long,11/26/2025 15:15,Long,59538,19,1131222,-5301,-0.47,10610.33,0.94,-5774.32,-0.51,1054679,1054.68
194,Exit long,1/20/2026 15:15,Bear flip exit,59388.45,19,1134884.25,-7182.68,-0.63,9243.14,0.81,-6955.32,-0.61,1047496.3,1047.5
194,Entry long,1/14/2026 13:15,Long,59730.75,19,1134884.25,-7182.68,-0.63,9243.14,0.81,-6955.32,-0.61,1047496.3,1047.5
195,Exit long,2/13/2026 11:15,Bear flip exit,60315,19,1142468.1,2830.36,0.25,13836.96,1.21,-9564.39,-0.84,1050326.8,1050.33
195,Entry long,2/3/2026 11:15,Long,60129.9,19,1142468.1,2830.36,0.25,13836.96,1.21,-9564.39,-0.84,1050326.8,1050.33
196,Exit long,2/19/2026 14:15,Bear flip exit,60988.3,18,1093997.7,3134.16,0.29,15892.5,1.45,-4245.9,-0.39,1053460.9,1053.46
196,Entry long,2/16/2026 14:15,Long,60777.65,18,1093997.7,3134.16,0.29,15892.5,1.45,-4245.9,-0.39,1053460.9,1053.46
197,Exit long,4/13/2026 10:15,Bear flip exit,54743.75,22,1143507.2,60150.94,5.26,87676.75,7.67,-44843.55,-3.92,1113611.8,1113.61
197,Entry long,4/1/2026 13:15,Long,51977.6,22,1143507.2,60150.94,5.26,87676.75,7.67,-44843.55,-3.92,1113611.8,1113.61
198,Exit long,4/23/2026 11:15,Bear flip exit,56561.75,21,1186556.7,527.74,0.04,19669.63,1.66,-14238.02,-1.2,1114139.5,1114.14
198,Entry long,4/15/2026 10:15,Long,56502.7,21,1186556.7,527.74,0.04,19669.63,1.66,-14238.02,-1.2,1114139.5,1114.14
199,Exit long,5/11/2026 10:15,Bear flip exit,54472.9,21,1174749.45,-31514.15,-2.68,7915.28,0.67,-32854.12,-2.8,1082625.4,1082.63
199,Entry long,5/6/2026 15:15,Long,55940.45,21,1174749.45,-31514.15,-2.68,7915.28,0.67,-32854.12,-2.8,1082625.4,1082.63
200,Exit long,6/23/2026 15:15,Bear flip exit,57211.75,21,1144417.05,56325.94,4.92,73685.88,6.44,-14051.07,-1.23,1138951.4,1138.95
200,Entry long,6/5/2026 10:15,Long,54496.05,21,1144417.05,56325.94,4.92,73685.88,6.44,-14051.07,-1.23,1138951.4,1138.95
201,Exit long,6/25/2026 15:15,Open,58187.3,21,1218552.3,2648.85,0.22,13909.19,1.14,-1725.32,-0.14,1141234.6,1141.23
201,Entry long,6/24/2026 12:15,Long,58026.3,21,1218552.3,2648.85,0.22,13909.19,1.14,-1725.32,-0.14,1141234.6,1141.23
